"rating","avg"
"G","20.1248314606741573"
"PG-13","20.4025560538116592"
"PG","18.9590721649484536"
"R","20.2310256410256410"
"NC-17","20.1376190476190476"
